days_from_TLE_epoch,deviation_between_J2_and_HPOP
25,-1.89185
55,-2.5586
86,-5.43457
117,-6.04454
145,-7.8374
176,-9.94781
