,alt_offset,days_for_RAAN_change,del_V
0,1.0,645.8896730434927,-1.0867468825277546
1,6.0,107.47427810040874,-6.523995242902046
2,11.0,58.52748091205241,-11.96710713063979
3,16.0,40.172471125515344,-17.41609203698661
4,21.0,30.557972057349005,-22.8709594744537
5,26.0,24.641381396002824,-28.331718976868537
6,31.0,20.633388643846978,-33.79838009944599
7,36.0,17.73874469083523,-39.27095241883262
8,41.0,15.550126822074173,-44.7494455332
9,46.0,13.837309155244554,-50.2338690622843
